1,name1,user1,user1@gmail.com,password1,Region #5,Country #10 - Region #5,9940621096,male
2,name2,user2,user2@gmail.com,password2,Region #4,Country #8 - Region #4,9420752612,male
3,name3,user3,user3@gmail.com,password3,Region #4,Country #5 - Region #4,9828769540,female
4,name4,user4,user4@gmail.com,password4,Region #4,Country #9 - Region #4,9620073860,male
5,name5,user5,user5@gmail.com,password5,Region #2,Country #7 - Region #2,9969916041,male
6,name6,user6,user6@gmail.com,password6,Region #2,Country #6 - Region #2,9627393760,female
7,name7,user7,user7@gmail.com,password7,Region #3,Country #7 - Region #3,9403177259,female
8,name8,user8,user8@gmail.com,password8,Region #1,Country #7 - Region #1,9460357813,male
9,name9,user9,user9@gmail.com,password9,Region #5,Country #7 - Region #5,9917739906,male
10,name10,user10,user10@gmail.com,password10,Region #2,Country #4 - Region #2,9934610435,female
11,name11,user11,user11@gmail.com,password11,Region #3,Country #2 - Region #3,9452699708,female
12,name12,user12,user12@gmail.com,password12,Region #4,Country #1 - Region #4,9773706528,female
13,name13,user13,user13@gmail.com,password13,Region #1,Country #5 - Region #1,9932202732,female
14,name14,user14,user14@gmail.com,password14,Region #5,Country #9 - Region #5,9905094089,female
15,name15,user15,user15@gmail.com,password15,Region #3,Country #5 - Region #3,9625534053,male
16,name16,user16,user16@gmail.com,password16,Region #3,Country #1 - Region #3,9588530545,female
17,name17,user17,user17@gmail.com,password17,Region #5,Country #9 - Region #5,9584832915,female
18,name18,user18,user18@gmail.com,password18,Region #1,Country #9 - Region #1,9419701555,female
19,name19,user19,user19@gmail.com,password19,Region #1,Country #5 - Region #1,9432371732,female
20,name20,user20,user20@gmail.com,password20,Region #3,Country #8 - Region #3,9376638537,female
21,name21,user21,user21@gmail.com,password21,Region #5,Country #6 - Region #5,9819257192,female
22,name22,user22,user22@gmail.com,password22,Region #2,Country #10 - Region #2,9592373998,female
23,name23,user23,user23@gmail.com,password23,Region #5,Country #3 - Region #5,9561912069,female
24,name24,user24,user24@gmail.com,password24,Region #5,Country #9 - Region #5,9912041838,female
25,name25,user25,user25@gmail.com,password25,Region #3,Country #3 - Region #3,9447706951,male
26,name26,user26,user26@gmail.com,password26,Region #4,Country #3 - Region #4,9894992801,male
27,name27,user27,user27@gmail.com,password27,Region #2,Country #10 - Region #2,9338268538,female
28,name28,user28,user28@gmail.com,password28,Region #2,Country #5 - Region #2,9381221595,female
29,name29,user29,user29@gmail.com,password29,Region #3,Country #6 - Region #3,9489564591,female
30,name30,user30,user30@gmail.com,password30,Region #3,Country #9 - Region #3,9496124503,male
31,name31,user31,user31@gmail.com,password31,Region #2,Country #2 - Region #2,9811776307,male
32,name32,user32,user32@gmail.com,password32,Region #2,Country #2 - Region #2,9687140689,male
33,name33,user33,user33@gmail.com,password33,Region #4,Country #9 - Region #4,9693264993,female
34,name34,user34,user34@gmail.com,password34,Region #4,Country #10 - Region #4,9818492647,female
35,name35,user35,user35@gmail.com,password35,Region #2,Country #10 - Region #2,9611287496,male
36,name36,user36,user36@gmail.com,password36,Region #2,Country #8 - Region #2,9719733944,male
37,name37,user37,user37@gmail.com,password37,Region #4,Country #5 - Region #4,9852732344,female
38,name38,user38,user38@gmail.com,password38,Region #3,Country #4 - Region #3,9816885265,female
39,name39,user39,user39@gmail.com,password39,Region #4,Country #9 - Region #4,9424590923,female
40,name40,user40,user40@gmail.com,password40,Region #1,Country #2 - Region #1,9728178435,male
41,name41,user41,user41@gmail.com,password41,Region #1,Country #9 - Region #1,9746323078,male
42,name42,user42,user42@gmail.com,password42,Region #4,Country #10 - Region #4,9391627066,male
43,name43,user43,user43@gmail.com,password43,Region #4,Country #8 - Region #4,9708323398,female
44,name44,user44,user44@gmail.com,password44,Region #1,Country #10 - Region #1,9455807830,male
45,name45,user45,user45@gmail.com,password45,Region #4,Country #5 - Region #4,9419327344,female
46,name46,user46,user46@gmail.com,password46,Region #5,Country #4 - Region #5,9808681461,male
47,name47,user47,user47@gmail.com,password47,Region #2,Country #3 - Region #2,9391704864,male
48,name48,user48,user48@gmail.com,password48,Region #5,Country #2 - Region #5,9359720382,male
49,name49,user49,user49@gmail.com,password49,Region #2,Country #3 - Region #2,9877679637,male
50,name50,user50,user50@gmail.com,password50,Region #2,Country #5 - Region #2,9487612900,female
51,name51,user51,user51@gmail.com,password51,Region #1,Country #9 - Region #1,9576738981,female
52,name52,user52,user52@gmail.com,password52,Region #3,Country #3 - Region #3,9876141198,female
53,name53,user53,user53@gmail.com,password53,Region #2,Country #6 - Region #2,9924586330,male
54,name54,user54,user54@gmail.com,password54,Region #4,Country #9 - Region #4,9472390270,female
55,name55,user55,user55@gmail.com,password55,Region #4,Country #3 - Region #4,9860200727,male
56,name56,user56,user56@gmail.com,password56,Region #3,Country #10 - Region #3,9547841754,male
57,name57,user57,user57@gmail.com,password57,Region #2,Country #6 - Region #2,9690040005,female
58,name58,user58,user58@gmail.com,password58,Region #2,Country #10 - Region #2,9724366039,male
59,name59,user59,user59@gmail.com,password59,Region #1,Country #8 - Region #1,9351933917,female
60,name60,user60,user60@gmail.com,password60,Region #2,Country #2 - Region #2,9845334269,male
61,name61,user61,user61@gmail.com,password61,Region #4,Country #5 - Region #4,9608010338,female
62,name62,user62,user62@gmail.com,password62,Region #4,Country #4 - Region #4,9936569321,female
63,name63,user63,user63@gmail.com,password63,Region #5,Country #3 - Region #5,9982509345,female
64,name64,user64,user64@gmail.com,password64,Region #4,Country #4 - Region #4,9565879536,male
65,name65,user65,user65@gmail.com,password65,Region #5,Country #8 - Region #5,9625969103,male
66,name66,user66,user66@gmail.com,password66,Region #3,Country #3 - Region #3,9949919607,male
67,name67,user67,user67@gmail.com,password67,Region #2,Country #9 - Region #2,9837826155,female
68,name68,user68,user68@gmail.com,password68,Region #1,Country #10 - Region #1,9616396302,female
69,name69,user69,user69@gmail.com,password69,Region #2,Country #5 - Region #2,9623901779,female
70,name70,user70,user70@gmail.com,password70,Region #5,Country #9 - Region #5,9933938124,female
71,name71,user71,user71@gmail.com,password71,Region #5,Country #3 - Region #5,9899798008,female
72,name72,user72,user72@gmail.com,password72,Region #2,Country #8 - Region #2,9371235220,male
73,name73,user73,user73@gmail.com,password73,Region #2,Country #9 - Region #2,9566094907,female
74,name74,user74,user74@gmail.com,password74,Region #5,Country #4 - Region #5,9385046104,female
75,name75,user75,user75@gmail.com,password75,Region #1,Country #3 - Region #1,9849084213,male
76,name76,user76,user76@gmail.com,password76,Region #1,Country #5 - Region #1,9980613977,female
77,name77,user77,user77@gmail.com,password77,Region #5,Country #2 - Region #5,9935805974,female
78,name78,user78,user78@gmail.com,password78,Region #1,Country #4 - Region #1,9893536030,female
79,name79,user79,user79@gmail.com,password79,Region #5,Country #3 - Region #5,9833411395,male
80,name80,user80,user80@gmail.com,password80,Region #3,Country #8 - Region #3,9808585079,female
81,name81,user81,user81@gmail.com,password81,Region #4,Country #1 - Region #4,9396404014,female
82,name82,user82,user82@gmail.com,password82,Region #4,Country #4 - Region #4,9873151482,male
83,name83,user83,user83@gmail.com,password83,Region #4,Country #9 - Region #4,9445121603,male
84,name84,user84,user84@gmail.com,password84,Region #2,Country #10 - Region #2,9836125394,male
85,name85,user85,user85@gmail.com,password85,Region #2,Country #4 - Region #2,9746423149,male
86,name86,user86,user86@gmail.com,password86,Region #5,Country #4 - Region #5,9624456081,female
87,name87,user87,user87@gmail.com,password87,Region #5,Country #1 - Region #5,9913379458,female
88,name88,user88,user88@gmail.com,password88,Region #4,Country #1 - Region #4,9693574445,female
89,name89,user89,user89@gmail.com,password89,Region #3,Country #6 - Region #3,9539028455,female
90,name90,user90,user90@gmail.com,password90,Region #2,Country #7 - Region #2,9596652392,female
91,name91,user91,user91@gmail.com,password91,Region #5,Country #3 - Region #5,9799071289,male
92,name92,user92,user92@gmail.com,password92,Region #3,Country #4 - Region #3,9731910677,female
93,name93,user93,user93@gmail.com,password93,Region #3,Country #10 - Region #3,9727830735,male
94,name94,user94,user94@gmail.com,password94,Region #4,Country #6 - Region #4,9951313448,male
95,name95,user95,user95@gmail.com,password95,Region #2,Country #2 - Region #2,9489332891,male
96,name96,user96,user96@gmail.com,password96,Region #2,Country #8 - Region #2,9897788734,male
97,name97,user97,user97@gmail.com,password97,Region #5,Country #1 - Region #5,9541641210,female
98,name98,user98,user98@gmail.com,password98,Region #5,Country #1 - Region #5,9885352783,male
99,name99,user99,user99@gmail.com,password99,Region #1,Country #1 - Region #1,9315345060,male
100,name100,user100,user100@gmail.com,password100,Region #2,Country #2 - Region #2,9976624305,female
101,name101,user101,user101@gmail.com,password101,Region #5,Country #8 - Region #5,9914533303,male
102,name102,user102,user102@gmail.com,password102,Region #3,Country #5 - Region #3,9761181833,male
103,name103,user103,user103@gmail.com,password103,Region #3,Country #5 - Region #3,9364998978,female
104,name104,user104,user104@gmail.com,password104,Region #3,Country #5 - Region #3,9757703863,male
105,name105,user105,user105@gmail.com,password105,Region #1,Country #3 - Region #1,9760201959,male
106,name106,user106,user106@gmail.com,password106,Region #3,Country #8 - Region #3,9828978360,male
107,name107,user107,user107@gmail.com,password107,Region #1,Country #3 - Region #1,9520731597,female
108,name108,user108,user108@gmail.com,password108,Region #5,Country #5 - Region #5,9801835950,female
109,name109,user109,user109@gmail.com,password109,Region #2,Country #6 - Region #2,9501317350,female
110,name110,user110,user110@gmail.com,password110,Region #2,Country #1 - Region #2,9762126940,male
111,name111,user111,user111@gmail.com,password111,Region #3,Country #6 - Region #3,9585682543,male
112,name112,user112,user112@gmail.com,password112,Region #2,Country #1 - Region #2,9586494162,male
113,name113,user113,user113@gmail.com,password113,Region #2,Country #8 - Region #2,9640622822,male
114,name114,user114,user114@gmail.com,password114,Region #4,Country #6 - Region #4,9487254871,female
115,name115,user115,user115@gmail.com,password115,Region #3,Country #5 - Region #3,9849363216,female
116,name116,user116,user116@gmail.com,password116,Region #3,Country #9 - Region #3,9484500465,male
117,name117,user117,user117@gmail.com,password117,Region #3,Country #7 - Region #3,9682677322,female
118,name118,user118,user118@gmail.com,password118,Region #2,Country #8 - Region #2,9752592147,female
119,name119,user119,user119@gmail.com,password119,Region #3,Country #6 - Region #3,9782738050,male
120,name120,user120,user120@gmail.com,password120,Region #2,Country #7 - Region #2,9996039551,male
121,name121,user121,user121@gmail.com,password121,Region #2,Country #9 - Region #2,9657188527,male
122,name122,user122,user122@gmail.com,password122,Region #5,Country #8 - Region #5,9897800761,male
123,name123,user123,user123@gmail.com,password123,Region #4,Country #1 - Region #4,9750370026,male
124,name124,user124,user124@gmail.com,password124,Region #1,Country #1 - Region #1,9779231993,male
125,name125,user125,user125@gmail.com,password125,Region #1,Country #4 - Region #1,9837987145,male
126,name126,user126,user126@gmail.com,password126,Region #2,Country #8 - Region #2,9328344625,male
127,name127,user127,user127@gmail.com,password127,Region #2,Country #4 - Region #2,9673609446,male
128,name128,user128,user128@gmail.com,password128,Region #4,Country #3 - Region #4,9936903536,female
129,name129,user129,user129@gmail.com,password129,Region #3,Country #6 - Region #3,9699273808,male
130,name130,user130,user130@gmail.com,password130,Region #2,Country #3 - Region #2,9346683275,male
131,name131,user131,user131@gmail.com,password131,Region #5,Country #7 - Region #5,9698002407,male
132,name132,user132,user132@gmail.com,password132,Region #1,Country #7 - Region #1,9587910498,female
133,name133,user133,user133@gmail.com,password133,Region #2,Country #6 - Region #2,9731411514,female
134,name134,user134,user134@gmail.com,password134,Region #3,Country #6 - Region #3,9909089244,female
135,name135,user135,user135@gmail.com,password135,Region #1,Country #4 - Region #1,9646509443,female
136,name136,user136,user136@gmail.com,password136,Region #2,Country #8 - Region #2,9812917577,female
137,name137,user137,user137@gmail.com,password137,Region #2,Country #6 - Region #2,9425247692,male
138,name138,user138,user138@gmail.com,password138,Region #2,Country #4 - Region #2,9418796489,female
139,name139,user139,user139@gmail.com,password139,Region #5,Country #3 - Region #5,9369339213,male
140,name140,user140,user140@gmail.com,password140,Region #3,Country #5 - Region #3,9596517222,male
141,name141,user141,user141@gmail.com,password141,Region #1,Country #1 - Region #1,9581199772,female
142,name142,user142,user142@gmail.com,password142,Region #5,Country #8 - Region #5,9829773852,female
143,name143,user143,user143@gmail.com,password143,Region #2,Country #2 - Region #2,9815867738,male
144,name144,user144,user144@gmail.com,password144,Region #1,Country #9 - Region #1,9832194086,male
145,name145,user145,user145@gmail.com,password145,Region #1,Country #9 - Region #1,9809139243,female
146,name146,user146,user146@gmail.com,password146,Region #1,Country #3 - Region #1,9382835889,female
147,name147,user147,user147@gmail.com,password147,Region #3,Country #6 - Region #3,9558866641,female
148,name148,user148,user148@gmail.com,password148,Region #2,Country #1 - Region #2,9548290718,male
149,name149,user149,user149@gmail.com,password149,Region #2,Country #5 - Region #2,9809098552,male
150,name150,user150,user150@gmail.com,password150,Region #3,Country #8 - Region #3,9985930867,male
151,name151,user151,user151@gmail.com,password151,Region #5,Country #3 - Region #5,9940775372,male
152,name152,user152,user152@gmail.com,password152,Region #3,Country #9 - Region #3,9816391050,female
153,name153,user153,user153@gmail.com,password153,Region #5,Country #9 - Region #5,9829661517,male
154,name154,user154,user154@gmail.com,password154,Region #5,Country #3 - Region #5,9716161158,male
155,name155,user155,user155@gmail.com,password155,Region #1,Country #10 - Region #1,9745749874,male
156,name156,user156,user156@gmail.com,password156,Region #3,Country #6 - Region #3,9401473408,male
157,name157,user157,user157@gmail.com,password157,Region #4,Country #10 - Region #4,9335729765,male
158,name158,user158,user158@gmail.com,password158,Region #2,Country #6 - Region #2,9820147288,male
159,name159,user159,user159@gmail.com,password159,Region #4,Country #1 - Region #4,9321808324,male
160,name160,user160,user160@gmail.com,password160,Region #2,Country #3 - Region #2,9716898949,male
161,name161,user161,user161@gmail.com,password161,Region #5,Country #6 - Region #5,9691033612,female
162,name162,user162,user162@gmail.com,password162,Region #2,Country #4 - Region #2,9483665660,male
163,name163,user163,user163@gmail.com,password163,Region #3,Country #9 - Region #3,9633820820,male
164,name164,user164,user164@gmail.com,password164,Region #5,Country #3 - Region #5,9998763442,female
165,name165,user165,user165@gmail.com,password165,Region #4,Country #3 - Region #4,9370762144,female
166,name166,user166,user166@gmail.com,password166,Region #3,Country #4 - Region #3,9704476814,female
167,name167,user167,user167@gmail.com,password167,Region #1,Country #6 - Region #1,9763331304,female
168,name168,user168,user168@gmail.com,password168,Region #4,Country #6 - Region #4,9462971026,male
169,name169,user169,user169@gmail.com,password169,Region #2,Country #7 - Region #2,9344049282,male
170,name170,user170,user170@gmail.com,password170,Region #4,Country #2 - Region #4,9343879306,male
171,name171,user171,user171@gmail.com,password171,Region #3,Country #1 - Region #3,9362194034,male
172,name172,user172,user172@gmail.com,password172,Region #4,Country #7 - Region #4,9957646330,male
173,name173,user173,user173@gmail.com,password173,Region #1,Country #7 - Region #1,9716808497,male
174,name174,user174,user174@gmail.com,password174,Region #3,Country #10 - Region #3,9467942940,male
175,name175,user175,user175@gmail.com,password175,Region #3,Country #10 - Region #3,9778338235,female
176,name176,user176,user176@gmail.com,password176,Region #5,Country #5 - Region #5,9346440216,male
177,name177,user177,user177@gmail.com,password177,Region #5,Country #6 - Region #5,9451615245,male
178,name178,user178,user178@gmail.com,password178,Region #1,Country #9 - Region #1,9570002006,female
179,name179,user179,user179@gmail.com,password179,Region #1,Country #3 - Region #1,9340338567,female
180,name180,user180,user180@gmail.com,password180,Region #4,Country #6 - Region #4,9773169902,male
181,name181,user181,user181@gmail.com,password181,Region #4,Country #6 - Region #4,9938851367,female
182,name182,user182,user182@gmail.com,password182,Region #3,Country #6 - Region #3,9805481629,male
183,name183,user183,user183@gmail.com,password183,Region #3,Country #2 - Region #3,9417517005,male
184,name184,user184,user184@gmail.com,password184,Region #1,Country #4 - Region #1,9484751414,male
185,name185,user185,user185@gmail.com,password185,Region #3,Country #2 - Region #3,9782567323,male
186,name186,user186,user186@gmail.com,password186,Region #4,Country #10 - Region #4,9405766608,female
187,name187,user187,user187@gmail.com,password187,Region #2,Country #8 - Region #2,9608731767,male
188,name188,user188,user188@gmail.com,password188,Region #5,Country #4 - Region #5,9583092117,male
189,name189,user189,user189@gmail.com,password189,Region #2,Country #6 - Region #2,9862282144,female
190,name190,user190,user190@gmail.com,password190,Region #2,Country #1 - Region #2,9932595929,male
191,name191,user191,user191@gmail.com,password191,Region #3,Country #7 - Region #3,9328326363,female
192,name192,user192,user192@gmail.com,password192,Region #3,Country #7 - Region #3,9672072323,female
193,name193,user193,user193@gmail.com,password193,Region #5,Country #7 - Region #5,9408676345,female
194,name194,user194,user194@gmail.com,password194,Region #5,Country #5 - Region #5,9590854779,male
195,name195,user195,user195@gmail.com,password195,Region #1,Country #9 - Region #1,9362124632,male
196,name196,user196,user196@gmail.com,password196,Region #1,Country #10 - Region #1,9982625562,male
197,name197,user197,user197@gmail.com,password197,Region #2,Country #7 - Region #2,9964118361,female
198,name198,user198,user198@gmail.com,password198,Region #2,Country #3 - Region #2,9655748241,male
199,name199,user199,user199@gmail.com,password199,Region #3,Country #4 - Region #3,9893657694,male
200,name200,user200,user200@gmail.com,password200,Region #1,Country #3 - Region #1,9401930496,female
201,name201,user201,user201@gmail.com,password201,Region #3,Country #4 - Region #3,9873176076,male
202,name202,user202,user202@gmail.com,password202,Region #5,Country #9 - Region #5,9924906997,female
203,name203,user203,user203@gmail.com,password203,Region #3,Country #9 - Region #3,9997131209,female
204,name204,user204,user204@gmail.com,password204,Region #4,Country #4 - Region #4,9460770324,male
205,name205,user205,user205@gmail.com,password205,Region #3,Country #10 - Region #3,9817558311,male
206,name206,user206,user206@gmail.com,password206,Region #5,Country #6 - Region #5,9938430635,female
207,name207,user207,user207@gmail.com,password207,Region #4,Country #10 - Region #4,9843799258,female
208,name208,user208,user208@gmail.com,password208,Region #3,Country #1 - Region #3,9693473606,male
209,name209,user209,user209@gmail.com,password209,Region #5,Country #4 - Region #5,9646757607,female
210,name210,user210,user210@gmail.com,password210,Region #2,Country #6 - Region #2,9545854223,male
211,name211,user211,user211@gmail.com,password211,Region #4,Country #9 - Region #4,9449518717,female
212,name212,user212,user212@gmail.com,password212,Region #4,Country #7 - Region #4,9758627229,male
213,name213,user213,user213@gmail.com,password213,Region #5,Country #9 - Region #5,9769992028,female
214,name214,user214,user214@gmail.com,password214,Region #2,Country #2 - Region #2,9823342416,female
215,name215,user215,user215@gmail.com,password215,Region #2,Country #3 - Region #2,9361883179,male
216,name216,user216,user216@gmail.com,password216,Region #3,Country #8 - Region #3,9675439127,female
217,name217,user217,user217@gmail.com,password217,Region #4,Country #6 - Region #4,9869832743,female
218,name218,user218,user218@gmail.com,password218,Region #1,Country #5 - Region #1,9555481462,male
219,name219,user219,user219@gmail.com,password219,Region #2,Country #5 - Region #2,9891910241,female
220,name220,user220,user220@gmail.com,password220,Region #5,Country #5 - Region #5,9984909705,male
221,name221,user221,user221@gmail.com,password221,Region #4,Country #4 - Region #4,9494852776,female
222,name222,user222,user222@gmail.com,password222,Region #1,Country #3 - Region #1,9895032303,male
223,name223,user223,user223@gmail.com,password223,Region #2,Country #6 - Region #2,9889081147,female
224,name224,user224,user224@gmail.com,password224,Region #2,Country #3 - Region #2,9412624183,female
225,name225,user225,user225@gmail.com,password225,Region #1,Country #3 - Region #1,9608105821,female
226,name226,user226,user226@gmail.com,password226,Region #1,Country #7 - Region #1,9872361688,male
227,name227,user227,user227@gmail.com,password227,Region #2,Country #9 - Region #2,9363721325,male
228,name228,user228,user228@gmail.com,password228,Region #5,Country #7 - Region #5,9800406193,male
229,name229,user229,user229@gmail.com,password229,Region #1,Country #1 - Region #1,9382057153,male
230,name230,user230,user230@gmail.com,password230,Region #4,Country #10 - Region #4,9940178646,female
231,name231,user231,user231@gmail.com,password231,Region #3,Country #5 - Region #3,9980580044,male
232,name232,user232,user232@gmail.com,password232,Region #1,Country #1 - Region #1,9470526830,male
233,name233,user233,user233@gmail.com,password233,Region #1,Country #3 - Region #1,9533258920,male
234,name234,user234,user234@gmail.com,password234,Region #4,Country #8 - Region #4,9870920432,female
235,name235,user235,user235@gmail.com,password235,Region #5,Country #6 - Region #5,9914228857,female
236,name236,user236,user236@gmail.com,password236,Region #1,Country #4 - Region #1,9702455248,female
237,name237,user237,user237@gmail.com,password237,Region #4,Country #9 - Region #4,9935262792,female
238,name238,user238,user238@gmail.com,password238,Region #3,Country #10 - Region #3,9539703283,female
239,name239,user239,user239@gmail.com,password239,Region #3,Country #1 - Region #3,9949866418,female
240,name240,user240,user240@gmail.com,password240,Region #5,Country #7 - Region #5,9627045382,female
241,name241,user241,user241@gmail.com,password241,Region #3,Country #1 - Region #3,9969400154,male
242,name242,user242,user242@gmail.com,password242,Region #5,Country #3 - Region #5,9692943583,female
243,name243,user243,user243@gmail.com,password243,Region #4,Country #2 - Region #4,9529243899,male
244,name244,user244,user244@gmail.com,password244,Region #1,Country #1 - Region #1,9879764726,male
245,name245,user245,user245@gmail.com,password245,Region #4,Country #6 - Region #4,9576210466,female
246,name246,user246,user246@gmail.com,password246,Region #1,Country #2 - Region #1,9702361118,female
247,name247,user247,user247@gmail.com,password247,Region #4,Country #6 - Region #4,9605092786,female
248,name248,user248,user248@gmail.com,password248,Region #1,Country #10 - Region #1,9659014418,female
249,name249,user249,user249@gmail.com,password249,Region #2,Country #1 - Region #2,9876041704,male
